%time,field.header.seq,field.header.stamp,field.header.frame_id,field.status.status,field.status.service,field.latitude,field.longitude,field.altitude,field.position_covariance0,field.position_covariance1,field.position_covariance2,field.position_covariance3,field.position_covariance4,field.position_covariance5,field.position_covariance6,field.position_covariance7,field.position_covariance8,field.position_covariance_type
1.51E+18,1,1.51E+18,/gps,2,1,31.47253135,-83.53088309,1,1,0,0,0,1,0,0,0,4,1
,Base point,,,,,31.47264189,-83.53087103,2,,,,,,,,,,
,fake 2,,,,,31.47272157,-83.53086501,3,,,,,,,,,,
,,,,,,31.47262903,-83.53094036,4,,,,,,,,,,
,,,,,,31.47270101,-83.53097954,5,,,,,,,,,,
,,,,,,31.47310459,-83.5310157,6,,,,,,,,,,
,,,,,,31.47316114,-83.53097652,7,,,,,,,,,,
,,,,,,31.47301976,-83.53079267,8,,,,,,,,,,
,,,,,,31.47307631,-83.5307565,9,,,,,,,,,,
,,,,,,31.47354415,-83.53001808,10,,,,,,,,,,
